JobName,SubmitTime,StartTime,FinishTime,SLR,CriticalPathTime,TotalCPUTicks,Stretch,Speedup,
J1,1283763960,1283763960,1283772180,1.0,8220,131520,0.0625,16.0
J2,1283763960,1283763960,1283769840,1.0,5880,376320,0.015625,64.0
J3,1283763960,1283763960,1283772240,1.0,8280,132480,0.0625,16.0
J4,1283763960,1283763960,1283772180,1.0,8220,131520,0.0625,16.0
J5,1283763960,1283763960,1283769840,1.0,5880,376320,0.015625,64.0
J6,1283763960,1283763960,1283770560,1.0,6600,211200,0.03125,32.0
J7,1283763960,1283763960,1283770560,1.0,6600,211200,0.03125,32.0
J8,1283763960,1283763960,1283769540,1.0,5580,714240,0.0078125,128.0
J9,1283763960,1283763960,1283769780,1.0,5820,372480,0.015625,64.0
J10,1283763960,1283763960,1283770560,1.0,6600,211200,0.03125,32.0
